ts	phase	decision	why	evidence	result
2026-09-22T00:07+05:30	frame	building GPUI shell (gpui 0.2.2 crates.io) + CDP-driven Chrome for web content, not forking Helium source now	full Helium/Chromium fork is multi-GB/licensing-scale; CDP gives real Chromium content today behind the same WebView trait the Helium backend will implement	target/debug exists, gpui in cargo cache	open
2026-09-22T00:30+05:30	layout	strip owns page geometry: insert_beside assigns the slot, callers never pass x	API allowed invalid x values; tests proved the flaw before runtime did	cargo test -p browser-core	6+4 tests green
2026-09-22T00:35+05:30	webview	synchronous CDP calls via pending-map + reader thread, not fire-and-forget	back/forward needs getNavigationHistory results; fire-and-forget cannot implement it	src/webview-cdp/src/lib.rs	attach test green
2026-09-22T00:50+05:30	webview	fixed client-frame unmask order: mask bytes precede payload on the wire	fake server parsed garbage ids so sync calls timed out 30s	src/lib.rs read_masked_client_frame	attach test 30s -> pass
2026-09-22T01:05+05:30	webview	HTTP/1.1 + Host header required by chrome DevTools server; HTTP/1.0 gets no response at all	nc probe matrix against live chrome proved 1.0 silently ignored	req matrix evidence in probe6/c5 logs	engine ready 5s, was 260s hang
2026-09-22T01:10+05:30	webview	stop reading response at exactly Content-Length; chrome ignores Connection: close and socket stays open	read_to_end blocked forever, caused test-hang cascade	src/lib.rs read_http_response	hang eliminated
2026-09-22T01:20+05:30	webview	Drop for CdpSession shuts socket down; fake server detaches thread instead of join	reader held socket open so echo loop never unblocked and join deadlocked	store_routes_commands hang -> 0.04s suite
2026-09-22T01:30+05:30	webview	screencast format param is flat string not nested object; animated nudge for throttled pages	no frames until fix; real chrome now produces validated PNG frames	real_chrome test 8.7s pass	6/6 webview tests green
2026-09-22T01:35+05:30	env	SYNC terminal commands kill background children on return; nohup/setsid do not survive	probe processes kept dying silently between commands; must run servers within one command or as BACKGROUND	probe7/probe8 logs empty	workflow constraint recorded
2026-09-22T02:10+05:30	runtime	Lua boundary = context snapshot in, Requests out; no pending-call ids	single-threaded GPUI made call-id plumbing dead weight; scripts read browser.tabs/active_page pushed before each hook/command call
2026-09-22T02:10+05:30	layout	add_page focuses the new page (niri semantics)	fleet session-audit: prior fix changed focus path; tests assumed old behavior and caught it
2026-09-23T00:30+05:30	frame	FROZEN: CDP screencast backend stays only as throwaway test-harness behind WebView trait; zero further investment	screencast path = PNG->base64->decode->RenderImage/frame + atlas tile churn; DoD forbids encode/decode in frame path
webview-cdp/src/lib.rs Page.startScreencast; browser-ui main.rs drain_engine_events -> frame_png -> decode_png_bgra
open
2026-09-23T00:35+05:30	route	Helium route via CEF binary distribution (content API), NOT Helium/Chromium source build	source build needs ~120GB + hours; disk has 29GB free; user confirmed option 1 (prebuilt CEF), no source build
https://cef-builds.spotifycdn.com/index.json linux64 stable chromium 154.0.8037.17 minimal 327MB; df -B1 / = 30.8GB free
open
2026-09-23T00:40+05:30	env	Helium-as-source replaced by Helium-as-family: reuse privacy posture via flags (Site isolation, DoNotTrack, etc.); uBlock NOT bundled (needs helium source patches)	building Chromium in-proc from source is the only way to inherit its build system/patches; user accepted prebuilt CEF instead
user instruction 'use its build system, patches, privacy config and uBlock as-is' scaled down with consent ("do the option 1, not the full source build")
open
2026-09-23T00:45+05:30	env	all cargo builds capped at 8 jobs (nproc=12)	user: 'dont compile/build on all 12 threads, do on max 8'
.cargo/config.toml [build] jobs=8
open
2026-09-23T00:50+05:30	texture	stable GPUI texture per page: RenderImage kept alive with damage-version tracking; drop_image(old)+insert on resize only; damage re-upload reuses same ImageId key
gpui atlas keys tiles by RenderImageParams{image_id,frame}; AtlasTextureList has free_list so tiles recycle; drop_image removes key
registry gpui-0.2.2/src/assets.rs, platform.rs:762-830, window.rs:3129 paint_image / drop_image
open
2026-09-23T10:05	run	symlink icudtl.dat + *.pak + locales from vendor/cef/Resources into vendor/cef/Release	CEF resolves ICU/pak paths from DIR_MODULE (libcef.so dir), resources_dir_path is not consulted that early	strace openat Release/icudtl.dat = ENOENT then SIGTRAP icu_util.cc:237; resource_bundle.cc:1119 pak failures	fixed
2026-09-23T10:07	run	shim cef_early_process: static StripApp -> heap-allocated CefRefPtr (new StripApp())	CefExecuteProcess drops the last ref -> delete this ran on a static object	gdb bt: cef_early_process -> ~StripApp -> free(): invalid size, SIGABRT	fixed
2026-09-23T10:08	run	main() calls webview_cef::early_process_exit_code() before config write / GPUI start	CEF re-execs this binary for renderer/gpu/utility children; the branch existed but was referenced nowhere	grep -rn early_process_exit_code -> definition only, 0 call sites	fixed
2026-09-23T10:28	render	shell draws surfaces[id].painted (CEF BGRA); slot.frame_png no longer gates drawing	event pump wrote BGRA into Shell.surfaces but render only read slot.frame_png, which is never written anywhere -> web content never reached the screen	isolated niri screenshot-window: 0% white / 428 colors before, 92.9% white / 71 text rows after	fixed
2026-09-23T10:29	render	new RenderImage per surface version bump + cx.drop_image(old); corrects the 00:50 damage decision	paint_image uses get_or_insert_with(ImageId): a same-ImageId re-upload is a cache hit and would draw stale bytes forever; old ids must be dropped or the atlas leaks a tile per damage	gpui-0.2.2 window.rs:3129 paint_image, app.rs:2071 drop_image (free_list recycling via AtlasTextureList)	fixed
2026-09-23T10:42	shell	dispatch() honors Effects::quit -> engine.shutdown() + cx.quit()	ops sets quit_requested+Effects::quit but nothing read either: palette/Lua app.quit was a silent no-op (grep quit main.rs = 0 hits)	before: exec app.quit left 12 processes alive; after: exit code 0, all CEF children gone	fixed
2026-09-23T10:43	shell	control prompt replaces the address-bar prefill (set_prompt_text); Overlay::Prompt gains fresh flag so first real edit replaces the prefill	prompt arg was appended after focus.url's prefill: 'example.com' became https://duckduckgo.com/?q=example.com&rpl=1 (search, not navigate)	ctl prompt example.com -> https://example.com/ 'Example Domain'; prompt rust-lang.org -> 'Rust Programming Language'	fixed
2026-09-23T11:02	shell	page-bar tabs get click listeners: left -> Shell::focus_page(id), middle -> focus + Request::PageClose	tabs were styled divs with no listener at all: rendered as tabs but clicking did nothing (render_page_bar built children with no on_mouse_down)	grep render_page_bar: no cx.listener / on_mouse_down in the tab loop before the change; Shell::focus_page already existed for page-content clicks	fixed
2026-09-23T11:31	shell	page/status bars + prompt/palette/toast get block_mouse_except_scroll()	tab click fired BOTH the tab handler and the full-height frame underneath (frame top = cy - height/2 = 0); bubble phase ran frame last so focus reverted to the page under the cursor - state stayed active=1 after a tab2 click	browser-layout frame_geometries: top = cy - height/2 = 0 (frames span full window, under the bars); gpui window.rs HitboxBehavior docs: hitboxes are non-opaque by default, only occlude/block_mouse_except_scroll make is_hovered false for hitboxes behind; div.rs should_insert_hitbox: hitbox_behavior != Normal registers a hitbox even without listeners	fixed
2026-09-23T20:19	shell	viewport inset by bar heights: frames drawn between page/status bars (chrome_top/chrome_bottom), page_under translates window->inner y	bars were absolute overlays over full-window frames (top=cy-height/2=0): page content cropped under top 28px/bottom 24px	browser-layout frame top=cy-height/2=0; render drew frames at g.top unoffset while bars painted on top at y0..28 and h-24..h	fixed
2026-09-23T20:20	shell	status bar removed via config show_status_bar=false in ~/.config/strip-browser/browser.lua (chrome_bottom follows the flag)	user: bottom bar with [main]+url is slop, do not need this line	user request + earlier purpose question about the bar	removed
2026-09-23T20:20	shell	palette selection: Overlay::Palette{selected}, up/down/pageup/pagedown + scroll wheel move it, enter/tab act on it, occlude() so wheel does not scroll page behind	arrows hit the '_' arm (key_char None = no-op) and wheel fell through to the page: menu could not be navigated except by typing	handle_palette_key had no up/down arms; render_palette used block_mouse_except_scroll (wheel passes behind) and always highlighted i==0	fixed
2026-09-23T20:21	shell	floating per-frame title chip at (8,8) removed (loading placeholder kept)	user: 'slop titles on top of the pages hovering' - chip duplicated tab-bar titles over page content	render() line 1074-1086 appended an absolute title div to every frame	removed
2026-09-23T22:41	perf	trace-audit harness: STRIP_TRACE=<file> enables JsonlLayer (tracing-subscriber registry, perf target only) + perf_event!/perf_span! macros + scripts/trace_session.sh + scripts/trace_report.py aggregator
no observability before: every claim about frame costs was guesswork; layer is zero-cost when STRIP_TRACE unset (disabled callsites)
/tmp/trace-idle.jsonl baseline: 60.7 renders/s idle, drain_engine_events p95 1.25ms, 740MB buffer copies in 26s
fixed
2026-09-23T22:41	perf	resize dedupe via Shell.view_sizes + has_view guard: engine.resize only on rounded-size change
render() called engine.resize for every page every render (dead view_sizes field existed unused): 1594 resize calls/26s idle, 89 during burst, empty pages retried forever (no view error)
idle 1594->2, navigate 924->2, burst 89->4 resize calls; all remaining are genuine size changes
fixed
2026-09-23T22:41	perf	frame pump notifies only when dirty (events/scroll/toast-hide); texture publish moved from drain to render() per visible page
frame() called cx.notify() unconditionally at 60Hz -> GPUI re-rendered forever; texture() cloned the full ~4MB bgra per damage event
idle renders/26s 1594->82 (61fps->3.2fps); texture_upload 229MB->104MB idle (burst 197MB->40MB); frame.paint mean 1237us->295us
fixed
2026-09-23T22:41	perf	Surface::texture takes buffer ownership (mem::take) instead of clone; fresh zeroed alloc handed back for next damage round
bgra.clone() copied the whole frame per upload even when damage touched a few rows
232MB copied per 26s idle -> 105MB; slice-bounds hazard on from_raw failure closed by full reset
fixed
2026-09-23T22:41	perf	dispatch retargets smooth scroll only when Effects.scroll_recenter (focus/workspace/new/close/move ops)
every dispatch (toast, prompt, palette open) reset scroll_target -> strip re-centered itself spuriously and re-rendered
ops.rs marks recentering ops; prompt/toast/palette no longer move the strip
fixed
2026-09-23T22:41	perf	effects dedup + pump-only dirty tracking; per-frame control-poll clone replaced by Arc<UnixListener>
dispatch called effects() twice (fx.spawn spawned two CEF views per page); per-frame try_clone was a dup() syscall at 60Hz
burst: 2x spawn per page eliminated; no per-frame fd churn
fixed
2026-09-23T22:41	shell	config watcher handle stored on Shell (_watcher); control serve() gets 500ms read timeout
watcher was a Shell::new local: dropped on return -> hot reload silently dead after startup; silent socket client blocked the frame pump indefinitely (blocking read_line on UI thread)
scripts/verify_hotreload.sh PASS (0.78->0.55 applied live); scripts/verify_nofreeze.sh PASS (8ms state reply during silent client)
fixed
2026-09-24T00:24+0530	shell	event-driven frame pump: pump awaits browser-core::wakeslot (async-channel, cap-1 coalescing) kicked by CEF sink/CDP reader/config watcher/control acceptor; 60Hz timer only while animating; toast ttl frame-counted -> wall-clock; control reads moved to acceptor thread + channel to UI	idle burned CPU on 60Hz wake loop; every network read sat on the UI thread	/proc schedstat 0.405% idle CPU; zero timer frames; nofreeze 213ms->3ms; hotreload+agent 23/23 PASS	fixed
2026-09-29T20:40+0530	input	wheel goes straight to the page; shell kinetic physics removed; Chromium runs the only scroll animation	a notch became ~21 wheel events over later pump ticks, animated twice; an idle page never scrolled because on_scroll did not wake the pump	headless weston+cage 144Hz vs Helium 0.18.1.1: first scroll 28.9->14.0ms (Helium 14.5), settle 341->187ms (188), flick 874->1200px (1200), idle notch 0/60->60/60	fixed
2026-09-29T20:40+0530	input	WebViewCommand::Scroll uses the DOM sign (positive dy scrolls down); the CEF adapter flips it; palette wheel direction fixed	agent API wheel was documented as positive-down but scrolled up on CEF; palette moved the selection opposite to the wheel	browser-ui unit tests wheel_notch_is_120px_and_wheel_up_scrolls_up, touchpad_fractions_carry_instead_of_dropping	fixed
2026-09-29T20:40+0530	frame	OnAcceleratedPaint prunes the buffer pool only after the new buffer is attached	the prune evicted the just-inserted buffer (last_used_frame 0), causing a use-after-free in wl_surface_attach	coredumps 655570, 660967: same site, wl_proxy_marshal_flags opcode 1 (attach) from OnAcceleratedPaint+0x3f	fixed
2026-09-29T20:40+0530	frame	still open: OSR adds ~1 frame input-to-output; the dmabuf is used after CEF returns it to its pool	CEF contract: the handle cannot be accessed outside the callback; frames arrive through viz FrameSinkVideoCapturer	e2e screencopy: key->pixel 8.8ms Strip vs 1.8ms Helium	open
2026-09-29T22:30+0530	audio	removed the mute-audio switch; page audio state comes from CefAudioHandler stream start/stop (streams counted per page in the shim), mute is CefBrowserHost::SetAudioMuted	CEF 154 has no audible/audio-state callback (grep vendor/cef/include: only CefAudioHandler and SetAudioMuted/IsAudioMuted); the handler never reads PCM	headless weston+cage, /dev/snd masked with bwrap: tone page reports audio.playing=true and page_audio_changed fired; ctrl+m flips muted; page moved to another workspace stayed playing (no stop event)	verified state+events; audible output not tested (no sound card reachable by design)
2026-09-29T22:30+0530	workspaces	dynamic workspaces as niri: Strip::normalize_workspaces keeps exactly one empty workspace at the bottom and drops empty ones once left; focus up/down do not wrap; workspace.focus n and page.to_workspace n count from the top and clamp	workspaces were static ids (ctrl+3 to a missing id was a silent no-op) and PageToWorkspace stacked pages on top of each other at their old x	browser-core/runtime unit tests: normalize_*, move_to_workspace_*, focus_workspace_up_and_down_stop_at_the_ends; headless get_state shows ids [1,2,3,4] after filling the bottom workspace	fixed
2026-09-29T22:30+0530	layout	one pure stack_geometries(strip, viewport, scroll, Camera, OverviewSpec) replaces frame_geometries; workspace slide and overview zoom are the same camera eased with the scroll curve	a single function for normal view, slide and overview means hit-testing, drawing, agent geometry and webview sizing cannot disagree	browser-layout tests: normal_view_*, camera_slides_*, overview_zooms_out_*, hit_test_*	done
2026-09-29T22:30+0530	resize	page width presets are viewport shares fitted with gaps (f*(W+gap)-gap); resizing moves only the pages to the right; maximize remembers the old width; default keys ctrl+alt+r / ctrl+alt+-/= / ctrl+alt+f	ctrl+r is reload; ctrl+minus/equal stay free for page zoom; pages never resize each other	browser-core/runtime tests: resize_only_changes_the_target_*, width_preset_cycles_only_the_active_page, maximize_toggles_back_*	done
2026-09-29T22:30+0530	overview	overview keeps webviews at real size and scales the picture (viewport destination + source crop on Wayland); pages are clipped to the inner viewport; subsurface runs synchronized while its geometry changes	the old overview resized every webview to 55% (layout reflow, a repaint per page) and only showed the active workspace; subsurfaces sit above the window so unclipped pages covered the bars; position (parent state) and size (child state) otherwise land in different frames	headless screenshots in the run notes; browser-layout clip/hit_test tests	done; per-frame tearing not measurable headless
2026-09-29T21:30+0530	ui	settings page is a native GPUI page on the strip (strip://settings), not a local HTML page in CEF	every state the page shows or edits already lives in Rust (typed Config, keybinds, the file path); HTML needs a new bridge (CEF console/process-message/V8 binding in the 1.4k-line C++ shim, or a localhost socket any web page could hit) plus untyped JS on the far side, and keybinding capture needs raw shell keystrokes that CEF would swallow. Native reuses the key router, palette-style rendering and the shell's scroll, adds no C++ and no IPC, and the state machine unit-tests without a browser. Cost: form widgets are hand-drawn rows (no color picker), acceptable for 8 colors, 8 scalars and a key list	browser-ui/src/settings_page.rs; unit tests on SettingsPage::on_key; private headless cage run: ctrl+, opens it, keys/click/wheel edit and scroll it	chosen
2026-09-29T21:30+0530	config	settings write-back = one generated STRIP_SETTINGS block at the top of browser.lua, merged over the returned table by the loader; nothing else in the file is rewritten	the file is user Lua with comments, locals, hooks and commands, so regenerating it (or round-tripping through a Lua AST) would destroy code. A block can be replaced by marker lines with no parsing of user code. It sits at the TOP because a Lua chunk cannot have statements after its final `return`; it assigns a global that Config::parse reads after running the file and merges per key (theme/behavior) or as a whole list (keys, same all-or-nothing meaning as a plain keys table) BEFORE typed parsing so clamps still apply. Rejected: appended block (invalid after `return`), block inside a comment that the loader parses (live-looking code that is inert reads as disabled), sidecar file or JSON (second store, forbidden), in-place value edits (needs a Lua parser, fragile with functions)	browser-config/src/settings.rs; tests edit_round_trips_through_the_real_loader_and_keeps_user_code (bytes outside the block identical, Config::load gives the edited values, commands and hooks survive) and reset_removes_the_override_and_then_the_block	chosen
2026-09-29T21:30+0530	config	edit = validate, parse the candidate with the real loader, check the block round-trips, then temp file + fsync + rename in the target's directory; a refused write leaves the file untouched	the existing watcher already reloads on change and keeps the old config on a parse error, so no apply path is added; validating first means the GUI cannot be what breaks the file, and Config::parse silently ignores wrong-typed values (a string for gap just defaults) so kind checks live on the GUI side. A symlinked browser.lua (dotfiles) is resolved with canonicalize so the rename does not replace the link, and watch_config now also watches the target directory, otherwise an edit of a symlinked config never hot-reloaded	tests invalid_values_are_refused_and_file_is_untouched, broken_user_file_is_not_written, unterminated_block_is_refused, symlinked_config_is_edited_in_place; headless run: gap 12 to 30 applied (config.get), no .tmp left, a hand-broken file keeps the old config and settings.get load_error names it	chosen
2026-09-29T21:30+0530	config	editable fields are derived from the serde shape of Theme and Behavior (settings::fields), kind inferred from the value type; keys have their own editor; commands/events (Lua code) show as counts only	a hand-kept field table would drift from the typed Config; deriving means a new field appears in the page and in settings.get with one change. A test destructures Config exhaustively so a new top-level field forces a decision, and another asserts every Theme/Behavior value has an editor kind. serde_json preserve_order keeps declaration order. Numbers are normalized at f32 precision so 0.18 + 0.01 writes 0.19, not 0.19000000000000003	tests every_config_value_is_an_editable_field, every_default_value_passes_its_own_validation, nudged_floats_round_trip	chosen
2026-09-29T21:30+0530	shell	settings.open is a Request (palette, prompt, keybind, agent), default ctrl+, in default_keys and the shipped browser.lua; settings.get and settings.set join the agent API; an existing browser.lua with its own keys table does not gain ctrl+, automatically	a keys table replacing every default is documented behavior, so injecting a default into user key lists would break it; the shipped file and docs say to add the line, and the palette, prompt and agent API work regardless. settings.set exists so agents and the headless check use the exact write path the GUI uses; keybinding edits stay in the page (a second key-editing API would be YAGNI)	ops test settings_open_creates_one_native_page_and_refocuses_it; headless run: ctrl+, from a virtual keyboard opens it, exec settings.open refocuses, no duplicate page	chosen
2026-09-29T21:30+0530	address	one pure resolver, browser_runtime::address::resolve, decides URL vs search for prompt, agent open, page.navigate (Lua/palette/hooks) and home_page; no TLD list: dot plus 2+ letter TLD, port, localhost or IP means URL	three copies of the rule disagreed (ops PromptSubmit, main.rs is_url, none for page.navigate); search query was not percent-encoded; a TLD list goes stale	cargo test -p browser-runtime address:: (7 tests); headless: typed youtube -> duckduckgo.com/?q=youtube, localhost:8931 -> http://localhost:8931/, [::1]:8931 -> http://[::1]:8931, agent open 'rust gpui' -> ?q=rust+gpui, google.com -> https://www.google.com/	fixed; known cost: main.rs and notes.txt resolve as hosts
2026-09-29T21:30+0530	bookmarks	bookmarks are a URL-unique newest-first JSON array in ~/.config/strip-browser/bookmarks.json, written by temp file + fsync + rename; ctrl+d = bookmark.toggle; corrupt file is moved to bookmarks.json.corrupt	a plain overwrite can truncate the list on crash; overwriting a malformed file on the next save would destroy it	cargo test -p browser-runtime bookmarks:: ; headless: ctrl+d added, restart still listed, prompt 'local'+down+enter and palette 'local'+enter and exec bookmark.open opened it, second ctrl+d removed it (file [])	fixed
